109,a1,a1k,a2,a2k,aa,ab,able,ac,ad,also,ank,array,chef,find,integers,forgotten,function,help,intersecting,knows,minimal,mod,move,moves,negative,non,number,numbers,occurs,pairs,plays,please,problems,read,remove,russian,segments,sequence,simultaneously,single,statements,subarray,subsequence,them,this,total,values,wants
1,2,1,2,1,0,0,0,0,0,0,1,0,3,0,2,1,2,1,0,1,0,1,0,0,1,1,0,0,0,0,0,1,0,0,0,0,0,0,0,0,0,0,0,1,1,1,2,1
0,0,0,0,0,0,0,1,0,0,1,0,0,2,0,0,0,0,1,0,0,1,0,1,1,0,1,1,2,0,0,1,0,1,1,2,1,0,3,0,1,1,0,1,0,0,0,0,0
0,0,0,0,0,2,1,0,2,1,0,0,1,2,2,0,0,0,1,1,0,0,0,0,0,0,1,3,0,1,1,0,0,0,0,0,0,1,0,1,0,0,1,0,0,0,0,0,1
0.1592819177,0.3185638355,0.1592819177,0.3185638355,0.1592819177,0,0,0,0,0,0,0.1592819177,0,0.2822233996,0,0.3185638355,0.1592819177,0.3185638355,0.0940744665,0,0.1592819177,0,0.1592819177,0,0,0.1592819177,0.0940744665,0,0,0,0,0,0.1592819177,0,0,0,0,0,0,0,0,0,0,0,0.1592819177,0.1592819177,0.1592819177,0.3185638355,0.121138004
0,0,0,0,0,0,0,0.1723334755,0,0,0.1723334755,0,0,0.2035658535,0,0,0,0,0.1017829268,0,0,0.1723334755,0,0.1723334755,0.1723334755,0,0.1017829268,0.1310640501,0.3446669509,0,0,0.1723334755,0,0.1723334755,0.1723334755,0.3446669509,0.1723334755,0,0.5170004264,0,0.1723334755,0.1723334755,0,0.1723334755,0,0,0,0,0
0,0,0,0,0,0.3599255989,0.1799627994,0,0.3599255989,0.1799627994,0,0,0.1799627994,0.2125778568,0.3599255989,0,0,0,0.1062889284,0.1799627994,0,0,0,0,0,0,0.1062889284,0.4105990428,0,0.1799627994,0.1799627994,0,0,0,0,0,0,0.1799627994,0,0.1799627994,0,0,0.1799627994,0,0,0,0,0,0.1368663476
