category,tp,fp,tn,fn,precision,recall,fscore
greedy,0,0,603,26,0.9586645469,1.0,0.978896103896
graph,2,6,599,22,0.964573268921,0.990082644628,0.977161500816
tree,0,2,605,22,0.964912280702,0.996705107084,0.980551053485
combinatorics,0,0,618,11,0.982511923688,1.0,0.99117882919
maths,0,4,564,61,0.9024,0.992957746479,0.945515507125
segment-tree,0,0,629,0,1.0,1.0,1.0
dp,1,1,572,55,0.912280701754,0.998254799302,0.953333333333
