category,tp,fp,tn,fn,precision,recall,fscore
greedy,135,452,545,130,0.807407407407,0.546639919759,0.651913875598
graph,21,26,1129,86,0.929218106996,0.977489177489,0.952742616034
tree,33,19,1167,43,0.964462809917,0.983979763912,0.974123539232
combinatorics,7,9,1188,58,0.953451043339,0.992481203008,0.972574703234
maths,0,0,1262,0,1.0,1.0,1.0
dp,28,48,929,257,0.783305227656,0.950870010235,0.858992140546
