category,tp,fp,tn,fn,precision,recall,fscore,bias,variance
greedy,37,111,1159,226,0.836823104693,0.912598425197,0.873069679849,4.5162110407e-313,0.0
