category,tp,fp,tn,fn,precision,recall,fscore
greedy,33,60,920,249,0.786997433704,0.938775510204,0.856212191717
graph,27,15,1113,107,0.912295081967,0.98670212766,0.94804088586
tree,19,7,1174,62,0.949838187702,0.994072819644,0.971452213488
combinatorics,2,1,1210,49,0.961080222399,0.999174236168,0.97975708502
math,39,103,897,223,0.800892857143,0.897,0.846226415094
dp,36,46,921,259,0.780508474576,0.952430196484,0.857941313461
