category,tp,fp,tn,fn,precision,recall,fscore
greedy,0,0,598,28,0.955271565495,1.0,0.977124183007
graph,0,6,598,22,0.964516129032,0.990066225166,0.977124183007
