category,tp,fp,tn,fn,precision,recall,fscore
greedy,0,0,322,22,0.936046511628,1.0,0.966966966967
graph,0,1,317,26,0.924198250729,0.996855345912,0.95915279879
tree,0,0,339,5,0.985465116279,1.0,0.992679355783
combinatorics,2,6,315,21,0.9375,0.981308411215,0.958904109589
maths,0,0,302,42,0.877906976744,1.0,0.934984520124
segment-tree,3,3,321,17,0.949704142012,0.990740740741,0.969788519637
dp,0,10,300,34,0.898203592814,0.967741935484,0.931677018634
