category,tp,fp,tn,fn,precision,recall,fscore
greedy,0,0,247,6,0.97628458498,1.0,0.988
graph,0,0,244,9,0.96442687747,1.0,0.981891348089
tree,0,0,248,5,0.98023715415,1.0,0.99001996008
