namely,mod,:),things,close,1000000007,z,define,element,divisible,
27.2727272727,22.7272727273,20.0,18.5185185185,18.1818181818,17.8571428571,17.2413793103,17.1428571429,17.0731707317,16.6666666667,
109,cooking,odd,cost,smaller,immediately,far,graph,chinese,code,
0.0,0.0,0.0,0.0,0.0,0.0,0.0,0.0,0.0,0.0,
