sereja,probability,us,pay,friends,lot,consecutive,8,little,allowed,
25.0,20.0,19.2307692308,19.0476190476,18.5185185185,18.5185185185,17.8571428571,17.2413793103,16.6666666667,16.6666666667,
plane,instead,goal,v,contains,smaller,difference,graph,row,query,
0.0,0.0,0.0,0.0,0.0,0.0,0.0,0.0,0.0,0.0,
