little,let,1),next,*,5,described,left,day,solve,
26.4705882353,25.9259259259,24.0,23.0769230769,21.7391304348,20.8333333333,20.8333333333,20.6896551724,20.5882352941,20.0,
chinese,player,consisting,operation,statements,pair,strings,asked,players,queries,
4.54545454545,4.34782608696,3.84615384615,3.7037037037,3.57142857143,2.85714285714,0.0,0.0,0.0,0.0,
