queries,indices,query,q,types,lets,v,:,7,x,
46.6666666667,33.3333333333,31.8181818182,25.0,20.8333333333,20.8333333333,18.1818181818,17.3913043478,16.0,15.4929577465,
however,found,ways,second,consists,people,game,playing,go,move,
0.0,0.0,0.0,0.0,0.0,0.0,0.0,0.0,0.0,0.0,
