tree,roads,vertex,n1,path,graph,connected,vertices,edges,v,road,city,queries,call,simple,exists,initially,numbered,whole,written,using,list,calculate,every,pairs,described,pair,on,there,need,without,test512,thats,process,your,corresponding,resulting,whose,distance,get,moment,modulo,required,chosen,consider,work,thus,f,along,may,
54.9295774648,38.9830508475,38.8888888889,38.4615384615,38.0952380952,37.5,36.5384615385,36.231884058,33.9285714286,31.8181818182,30.0,21.7391304348,20.0,19.0476190476,18.5185185185,17.1875,16.2393162393,15.9509202454,14.5454545455,14.4736842105,14.1025641026,14.0350877193,13.5802469136,12.5786163522,12.3711340206,12.3595505618,12.1212121212,11.9402985075,11.914893617,11.811023622,11.6883116883,11.6666666667,11.5384615385,11.4754098361,11.4155251142,11.320754717,11.320754717,11.320754717,11.25,11.0,10.8910891089,10.8108108108,10.7692307692,10.7692307692,10.7438016529,10.7142857143,10.7142857143,10.5263157895,10.3896103896,10.3703703704,
position,friends,amount,initial,asks,end,example,5,little,perform,4,left,letters,please,direction,program,point,last,three,use,j,positive,otherwise,line,points,piece,look,four,starting,solve,nm,plane,follows,cells,vasya,segment,cell,right,coordinate,square,top,rows,table,row,digits,column,side,rules,columns,coordinates,
3.0,2.98507462687,2.94117647059,2.94117647059,2.85714285714,2.75229357798,2.75229357798,2.72727272727,2.7027027027,2.66666666667,2.66666666667,2.6455026455,2.5974025974,2.5974025974,2.5,2.32558139535,2.27272727273,2.1978021978,2.17391304348,2.17391304348,2.0618556701,1.91082802548,1.88679245283,1.8691588785,1.8018018018,1.72413793103,1.72413793103,1.6393442623,1.61290322581,1.61290322581,1.5873015873,1.5625,1.49253731343,1.3698630137,1.33333333333,1.31578947368,1.12359550562,1.08695652174,0.0,0.0,0.0,0.0,0.0,0.0,0.0,0.0,0.0,0.0,0.0,0.0,
