indices,query,queries,q,denote,add,node,tree,:,index,
26.9230769231,26.9230769231,26.8292682927,23.2558139535,20.6896551724,16.6666666667,16.0,14.2857142857,13.8888888889,13.7931034483,
amount,cell,cost,second,consists,solution,random,row,go,four,
0.0,0.0,0.0,0.0,0.0,0.0,0.0,0.0,0.0,0.0,
