tree,graph,n1,roads,connected,v,road,path,vertices,edges,
48.5714285714,38.8888888889,37.8787878788,35.9375,34.693877551,33.3333333333,32.3076923077,31.6831683168,31.0344827586,27.7777777778,
4,letters,line,points,three,right,row,digits,column,four,
1.23456790123,1.17647058824,1.06382978723,0.909090909091,0.719424460432,0.62893081761,0.0,0.0,0.0,0.0,
