tree,path,initially,query,numbered,another,queries,give,call,found,
21.7391304348,13.6363636364,9.52380952381,9.52380952381,9.09090909091,6.89655172414,6.89655172414,4.7619047619,4.54545454545,4.54545454545,
playing,4,interesting,calculate,help,consists,integer,(i,course,less,
0.0,0.0,0.0,0.0,0.0,0.0,0.0,0.0,0.0,0.0,
