tree,vertex,n1,vertices,graph,connected,roads,path,v,edges,
55.5555555556,49.0909090909,39.4366197183,38.5714285714,37.2881355932,34.188034188,33.8709677419,33.0,32.3943661972,30.303030303,
plane,cells,square,cell,letters,row,nm,digits,column,coordinates,
1.53846153846,1.28205128205,1.19047619048,1.11111111111,1.0989010989,0.961538461538,0.0,0.0,0.0,0.0,
