u,vertex,suppose,tree,connected,question,connecting,obtain,black,7),
9.375,5.88235294118,5.88235294118,5.66037735849,5.45454545455,4.7619047619,4.7619047619,4.7619047619,4.7619047619,4.7619047619,
vietnamese,note:,row,(in,query,go,/,four,consider,code,
0.0,0.0,0.0,0.0,0.0,0.0,0.0,0.0,0.0,0.0,
