tree,n1,road,v,u,connect,vertex,graph,path,edge,
50.6024096386,35.3658536585,35.2941176471,34.4827586207,32.7586206897,30.534351145,29.7872340426,29.0322580645,26.6666666667,26.1904761905,
coordinate,plane,y,line,area,replace,receive,accord,rectangle,top,
0.0,0.0,0.0,0.0,0.0,0.0,0.0,0.0,0.0,0.0,
