109,modulo,color,:),count,1000000007,element,huge,permutation,arrays,
20.6896551724,17.9245283019,17.1428571429,16.6666666667,16.1290322581,14.8148148148,14.2857142857,14.2857142857,13.7931034483,13.6363636364,
far,digit,undirected,nodes,program,(in,query,per,four,code,
0.0,0.0,0.0,0.0,0.0,0.0,0.0,0.0,0.0,0.0,
