color,count,ways,modulo,pick,exist,become,considered,denoted,dont,
20.0,12.1212121212,11.3636363636,9.80392156863,8.69565217391,8.33333333333,8.33333333333,8.10810810811,8.0,7.14285714286,
p,positions,string,nodes,program,finally,graph,query,four,chinese,
0.0,0.0,0.0,0.0,0.0,0.0,0.0,0.0,0.0,0.0,
