modulo,large,distinct,answer,wonder,count,quickly,student,print,people,
25.974025974,12.3456790123,11.801242236,11.7117117117,11.2359550562,11.1111111111,9.61538461538,9.61538461538,9.52380952381,9.09090909091,
arbitrary,xi,reach,minimal,height,remove,thus,query,obtain,money,
0.0,0.0,0.0,0.0,0.0,0.0,0.0,0.0,0.0,0.0,
