1097,modulo,ways,answer,considered,large,count,distinct,digits,print,
46.0317460317,31.5068493151,28.125,17.0731707317,15.3846153846,15.3846153846,15.0537634409,13.768115942,13.6363636364,13.1578947368,
program,rectangular,known,start,whether,squares,rules,playing,coordinates,its,
0.0,0.0,0.0,0.0,0.0,0.0,0.0,0.0,0.0,0.0,
