1097,modulo,ways,large,considered,distinct,print,answer,count,nm,
36.2068965517,23.5294117647,20.2380952381,14.4230769231,13.3928571429,12.582781457,11.9266055046,11.1111111111,10.2272727273,10.1449275362,
vertices,amount,values,start,n1,whether,maximum,immediately,graph,v,
0.0,0.0,0.0,0.0,0.0,0.0,0.0,0.0,0.0,0.0,
