modulo,russian,exists,statements,right,next,going,(i,+,i-th,
24.4444444444,16.6666666667,16.0,15.1515151515,14.7058823529,14.2857142857,14.2857142857,13.7931034483,13.698630137,13.6363636364,
another,point,already,would,v,found,even,queries,like,good,
0.0,0.0,0.0,0.0,0.0,0.0,0.0,0.0,0.0,0.0,
