1097,ways,modulo,chooses,test512,large,vertex,test4,chosen,every,follows,tree,strings,rows,test3,graph,let,count,answer,list,amount,many,consisting,considered,zero,simple,equals,since,result,total,paper,sequence,moves,formally,as,e,string,length,row,connected,friend,k,may,distinct,vertices,denote,columns,j,different,beginning,
55.0,40.2597402597,37.6811594203,36.6666666667,35.7142857143,35.0,34.5454545455,34.375,33.8028169014,33.0827067669,32.3076923077,31.884057971,31.746031746,31.5789473684,31.5315315315,31.0344827586,30.8823529412,30.3571428571,30.3370786517,30.1886792453,30.0,29.8578199052,29.8342541436,29.5238095238,29.4117647059,29.4117647059,29.4117647059,29.3103448276,28.9473684211,28.9256198347,28.8461538462,28.7234042553,28.5714285714,28.5714285714,28.4916201117,28.231292517,28.0,27.9620853081,27.7227722772,27.5510204082,27.4509803922,27.2373540856,27.2058823529,27.1523178808,27.1428571429,27.1186440678,27.1186440678,27.0833333333,27.0718232044,26.9841269841,
x,part,characters,so,less,l,end,say,side,it,rectangular,made,times,but,friends,place,city,three,current,would,use,determine,could,system,positions,its,point,plane,petya,r,q,coordinates,3,case,much,please,empty,coordinate,give,like,types,four,y,berland,4,work,queries,likes,containing,whether,
17.5355450237,17.5,17.4603174603,17.3913043478,17.3913043478,17.3333333333,17.3076923077,17.2413793103,17.1875,16.8032786885,16.6666666667,16.6666666667,16.5289256198,16.4948453608,16.4179104478,16.25,16.25,16.1764705882,16.0714285714,16.0,15.9574468085,15.8163265306,15.5844155844,15.5172413793,15.5172413793,15.3846153846,15.3284671533,15.1515151515,15.0,14.9425287356,14.8648648649,14.7540983607,14.5454545455,14.5161290323,14.4230769231,14.1025641026,14.0845070423,14.0350877193,13.6363636364,13.2867132867,13.1147540984,13.1147540984,12.6984126984,11.8644067797,11.6279069767,11.320754717,10.9375,10.9090909091,10.5263157895,8.06451612903,
