rectangular,loves,modulo,money,large,subset,row,rows,1000000007,vertex,
26.0869565217,24.0,23.0769230769,22.2222222222,21.4285714286,20.8333333333,20.5882352941,19.2307692308,19.0476190476,19.0476190476,
already,follows:,really,playing,perform,types,plane,process,goes,query,
0.0,0.0,0.0,0.0,0.0,0.0,0.0,0.0,0.0,0.0,
