1097,modulo,ways,large,test512,considered,equals,strictly,chooses,formally,
63.6363636364,47.5409836066,40.9638554217,40.0,37.5,34.7826086957,34.5679012346,33.8709677419,33.8235294118,33.75,
during,form,side,y,xi,edge,add,come,plane,whether,
13.7931034483,13.2530120482,12.9032258065,12.3076923077,11.8644067797,11.7647058824,11.5384615385,10.7142857143,8.9552238806,7.31707317073,
