1000000007,×,modulo,randomly,compute,whole,home,substring,win,asks,
30.7692307692,18.5185185185,18.3486238532,18.1818181818,17.3913043478,17.3913043478,16.6666666667,16.6666666667,16.6666666667,16.4383561644,
challenge,lowercase,receive,goes,odd,school,undirected,graph,four,:),
0.0,0.0,0.0,0.0,0.0,0.0,0.0,0.0,0.0,0.0,
