1097,modulo,ways,large,result,test512,strictly,good,bi,d,
68.5185185185,53.4482758621,42.8571428571,42.5742574257,36.4864864865,35.2941176471,35.0,34.7222222222,34.6153846154,34.496124031,
use,always,see,whether,three,system,come,4,element,berland,
14.9425287356,14.7058823529,13.4328358209,13.3333333333,12.1951219512,11.6666666667,11.4754098361,11.3924050633,9.83606557377,9.67741935484,
