either,row,knows,(i,pair,much,move,modulo,large,strings,
40.0,33.3333333333,32.0,30.7692307692,30.303030303,28.5714285714,28.5714285714,28.0,27.6595744681,26.0869565217,
would,lot,denotes,sum,playing,simple,defined,queries,solve,g,
7.69230769231,7.40740740741,7.14285714286,6.89655172414,4.54545454545,4.34782608696,4.16666666667,4.16666666667,0.0,0.0,
