modulo,large,strictly,test512,amount,d,list,substring,buy,present,
40.8450704225,34.5029239766,32.8358208955,31.25,29.4736842105,29.1095890411,28.9855072464,28.813559322,28.7878787879,28.3018867925,
point,minimal,show,become,berland,accord,person,multiple,side,be,
11.2745098039,11.1111111111,10.5769230769,10.5263157895,10.3896103896,9.72222222222,8.9552238806,8.82352941176,8.49056603774,8.06451612903,
