road,graph,connect,edge,country,city,path,short,vertex,build,
36.1111111111,34.2465753425,30.8219178082,29.4117647059,29.3103448276,23.8938053097,23.5849056604,23.5294117647,23.2323232323,22.0588235294,
modulo,piece,string,last,g,lowercase,buy,substring,consecutive,digit,
2.5974025974,2.53164556962,2.45398773006,2.1897810219,1.78571428571,1.75438596491,1.66666666667,1.53846153846,0.0,0.0,
