roads,graph,connected,edges,vertices,edge,road,vertex,city,v,path,reach,pairs,n1,known,pair,along,moving,multiple,common,side,direction,berland,exists,also,amount,without,tree,initial,playing,moves,xi,see,its,contains,nm,assume,whether,want,numbered,dont,ends,came,picture,bi,conditions,list,called,case,set,
42.3076923077,40.5797101449,36.3636363636,33.8235294118,29.1139240506,29.0322580645,28.8461538462,28.5714285714,27.1604938272,26.4705882353,25.7731958763,23.2142857143,18.0,17.9487179487,16.0714285714,15.7894736842,15.5844155844,15.3846153846,14.8148148148,14.5454545455,14.5161290323,14.1025641026,13.8888888889,13.8888888889,13.5802469136,13.5135135135,13.4146341463,13.4146341463,13.2352941176,13.1147540984,13.0,12.962962963,12.9032258065,12.6984126984,12.6582278481,12.5,12.5,12.1621621622,12.0689655172,11.801242236,11.7647058824,11.7647058824,11.6666666667,11.5384615385,11.5384615385,11.4285714286,11.320754717,11.3043478261,11.2903225806,11.2781954887,
coordinate,5,add,special,top,test1,right,rules,calculate,solve,able,elements,test512,segment,points,zero,described,otherwise,line,start,please,all,coordinates,on,0,array,part,asks,form,represented,numbers,take,count,letters,l,last,string,change,ith,write,element,area,1097,strings,modulo,r,row,consecutive,digits,positions,
3.77358490566,3.77358490566,3.7037037037,3.63636363636,3.57142857143,3.57142857143,3.44827586207,3.44827586207,3.44827586207,3.38983050847,3.38983050847,3.37078651685,3.33333333333,3.33333333333,3.30578512397,3.22580645161,3.22580645161,3.1746031746,3.15789473684,2.98507462687,2.98507462687,2.94117647059,2.94117647059,2.89855072464,2.85714285714,2.81690140845,2.7397260274,2.66666666667,2.63157894737,2.5974025974,2.52707581227,2.52100840336,2.5,2.46913580247,2.46913580247,2.35294117647,2.32558139535,2.22222222222,2.21238938053,2.10526315789,1.96078431373,1.92307692308,1.85185185185,1.53846153846,1.42857142857,1.04166666667,0.952380952381,0.0,0.0,0.0,
