v,connected,distance,maximal,nodes,node,edges,pair,-1,friends,
34.7826086957,19.2307692308,18.1818181818,16.6666666667,16.6666666667,16.0,16.0,14.8148148148,14.2857142857,13.7931034483,
win,amount,digits,represented,index,cost,difference,denoted,whose,row,
0.0,0.0,0.0,0.0,0.0,0.0,0.0,0.0,0.0,0.0,
