graph,connected,edge,within,edges,v,current,friends,found,road,
38.0952380952,24.1379310345,19.2307692308,18.1818181818,17.8571428571,17.2413793103,15.1515151515,14.8148148148,14.8148148148,14.2857142857,
equals,list,digit,program,calculate,whose,row,query,four,chinese,
0.0,0.0,0.0,0.0,0.0,0.0,0.0,0.0,0.0,0.0,
