graph,connecting,connected,friends,edges,avoid,walk,u,present,nodes,
33.3333333333,22.7272727273,20.8333333333,20.0,19.6078431373,19.0476190476,19.0476190476,18.9189189189,18.75,18.6046511628,
increasing,index,smaller,-1,immediately,digit,pay,whose,four,chinese,
0.0,0.0,0.0,0.0,0.0,0.0,0.0,0.0,0.0,0.0,
