graph,roads,cities,edge,connected,edges,road,path,vertices,city,
42.8571428571,38.2352941176,37.2549019608,37.037037037,36.2831858407,31.4285714286,28.7671232877,25.0,23.8805970149,23.8095238095,
described,query,small,likes,less,positions,digits,strings,zero,consecutive,
2.15053763441,1.96078431373,1.88679245283,1.81818181818,1.81818181818,1.75438596491,1.51515151515,1.28205128205,0.0,0.0,
