v,whether,another,move,could,like,total,pair,give,maximum,
34.7826086957,22.7272727273,22.2222222222,21.7391304348,21.0526315789,19.4444444444,19.3548387097,18.1818181818,17.3913043478,17.2413793103,
defined,little,length,denotes,right,l,list,string,calculate,operations,
0.0,0.0,0.0,0.0,0.0,0.0,0.0,0.0,0.0,0.0,
