graph,connected,edge,edges,road,vertex,vertices,city,path,berland,
45.4545454545,41.0714285714,36.6666666667,36.6197183099,36.2068965517,29.6296296296,29.5774647887,27.5,25.7142857143,24.2857142857,
array,elements,1097,column,rows,top,beginning,consecutive,row,digits,
2.40963855422,2.08333333333,1.96078431373,1.88679245283,1.81818181818,1.78571428571,1.51515151515,0.0,0.0,0.0,
