days,xi,money,total,during,berland,minimum,what,resulting,play,
38.1818181818,37.7358490566,37.7358490566,36.8,35.593220339,32.8358208955,32.7586206897,32.7272727273,32.2580645161,31.7073170732,
ways,edges,simple,test3,segment,modulo,q,common,see,1097,
8.0,7.93650793651,7.8431372549,7.76699029126,7.35294117647,7.35294117647,6.77966101695,6.77966101695,6.41025641026,1.78571428571,
