what,known,total,give,days,could,ai,maximum,end,needs,playing,would,minimum,amount,cannot,get,ith,letters,take,type,part,a2,table,minimal,place,whether,among,used,strictly,however,year,size,beginning,possible,day,change,allowed,test1,times,second,on,must,also,a1,using,described,so,consists,sum,left,
38.4615384615,37.2549019608,36.8,35.2941176471,34.5454545455,33.3333333333,32.0,31.9587628866,31.3131313131,31.1926605505,31.0344827586,30.612244898,30.5936073059,30.487804878,30.3797468354,30.1435406699,30.1369863014,29.7619047619,29.203539823,28.813559322,28.7671232877,28.5714285714,28.5714285714,28.3018867925,28.0487804878,28.0,27.7108433735,27.5362318841,27.4509803922,27.2727272727,27.2727272727,27.1844660194,27.1186440678,27.0655270655,26.8965517241,26.8656716418,26.8292682927,26.6483516484,26.6055045872,26.5263157895,26.5060240964,26.4900662252,26.4227642276,26.3157894737,25.9259259259,25.8823529412,25.7425742574,25.6944444444,25.641025641,25.4237288136,
then,along,point,rows,characters,solve,program,5,pairs,goes,positions,graph,0,i,consider,print,squares,long,distance,direction,rectangular,system,segment,4,tree,call,coordinates,common,whose,see,v,that,count,ways,r,test3,q,edges,answer,plane,vertex,edge,l,test512,test4,four,vertices,queries,modulo,1097,
14.5161290323,14.4736842105,14.4,14.2857142857,14.2857142857,14.0845070423,13.9534883721,13.8888888889,13.8613861386,13.698630137,13.5593220339,13.5593220339,13.4615384615,13.3333333333,13.28125,13.2743362832,13.2075471698,12.5,12.0,12.0,11.6666666667,11.5942028986,11.4754098361,11.3924050633,11.1111111111,10.9375,10.9090909091,10.7692307692,10.7142857143,10.6060606061,10.447761194,9.92366412214,9.89010989011,9.63855421687,9.57446808511,9.17431192661,8.9552238806,8.57142857143,8.0,6.89655172414,6.89655172414,6.77966101695,6.41025641026,5.88235294118,5.88235294118,5.35714285714,4.4776119403,1.88679245283,1.38888888889,0.0,
