what,days,total,maximum,change,minimum,arbitrary,end,give,put,
40.3225806452,37.037037037,36.9369369369,35.8585858586,35.8024691358,35.0649350649,34.6153846154,33.9622641509,33.3333333333,33.3333333333,
test3,four,answer,see,ways,vertices,modulo,count,q,1097,
9.70873786408,9.61538461538,9.375,8.9552238806,8.43373493976,7.57575757576,6.57894736842,5.49450549451,4.91803278689,1.51515151515,
