maximum,xi,money,enough,high,total,minimum,ith,person,increase,
33.9622641509,32.1428571429,32.0754716981,31.3725490196,30.7692307692,30.0699300699,28.5106382979,28.1456953642,27.2727272727,26.2626262626,
always,check,direction,q,sure,test64,common,query,modulo,test4,
7.86516853933,7.57575757576,6.86274509804,6.75675675676,5.88235294118,5.88235294118,4.7619047619,4.4776119403,3.8961038961,3.57142857143,
