multiple,empty,denote,score,minimum,cannot,dont,i-th,day,pay,
13.0434782609,12.5,12.0,12.0,11.9402985075,11.1111111111,11.1111111111,10.2564102564,9.80392156863,9.52380952381,
p,difference,nodes,program,graph,calculate,(in,query,go,chinese,
0.0,0.0,0.0,0.0,0.0,0.0,0.0,0.0,0.0,0.0,
