i-th,4,much,another,times,minimum,left,order,want,get,
22.2222222222,19.2307692308,19.0476190476,16.6666666667,16.6666666667,15.7894736842,14.8148148148,14.8148148148,14.6341463415,14.2857142857,
operation,sequence,queries,large,chinese,lets,query,consists,move,less,
0.0,0.0,0.0,0.0,0.0,0.0,0.0,0.0,0.0,0.0,
