information,among,denotes,minimize,score,days,obtained,starting,i-th,greater,
17.3913043478,16.0,14.7058823529,14.2857142857,13.6363636364,13.6363636364,13.6363636364,11.9047619048,11.1111111111,11.1111111111,
small,try,turns,denoted,nodes,finally,graph,query,go,chinese,
0.0,0.0,0.0,0.0,0.0,0.0,0.0,0.0,0.0,0.0,
