x1,1097,starts,modulo,integer,large,positive,assume,denote,common,
38.5964912281,36.0655737705,34.2465753425,33.8235294118,32.6923076923,32.380952381,31.2101910828,29.8969072165,29.3103448276,28.5714285714,
queries,bi,initial,connected,using,work,characters,letters,cities,tree,
9.61538461538,9.09090909091,8.69565217391,8.18181818182,8.04597701149,7.69230769231,7.01754385965,6.97674418605,5.66037735849,3.84615384615,
