modulo,positive,step,coordinate,x1,mean,solve,xi,top,large,
32.0,31.693989071,29.3103448276,28.7037037037,26.9841269841,26.724137931,25.4545454545,25.0,24.6753246753,23.6263736264,
sort,minimal,work,substring,tree,road,country,color,letter,list,
7.69230769231,7.57575757576,7.47663551402,7.40740740741,6.17283950617,6.15384615385,5.88235294118,5.33333333333,4.80769230769,4.7619047619,
