digits,modulo,large,integer,plane,1097,coordinate,positive,denote,solve,
35.3846153846,35.1351351351,34.5794392523,34.3612334802,32.7868852459,32.7586206897,32.7272727273,31.875,31.5789473684,31.1475409836,
types,according,more,programming,using,road,tree,queries,letters,roads,
9.72222222222,9.67741935484,9.61538461538,9.43396226415,9.33333333333,8.92857142857,7.69230769231,7.27272727273,6.17283950617,5.08474576271,
