modulo,see,1097,digits,solve,positive,squares,coordinates,plane,petya,
42.3076923077,38.9830508475,36.5079365079,35.1351351351,34.6153846154,33.3333333333,33.3333333333,33.3333333333,31.746031746,31.5789473684,
path,connected,graph,all,roads,string,letters,tree,strings,characters,
9.47368421053,8.73786407767,8.62068965517,8.49056603774,6.89655172414,6.76691729323,5.88235294118,5.79710144928,5.71428571429,1.85185185185,
